Producto,Precio,Link,Imagen
Paraguas transparente empuñadura blanca 98 cm de diámetro automáticoVendedor excelente Plus,12.9,https://www.ebay.es/itm/Paraguas-transparente-empunadura-blanca-98-cm-de-diametro-automatico/271982002333?_trkparms=ispr%3D1&hash=item3f5364009d:g:ieIAAOSwHjNV~wqk&amdata=enc%3AAQAFAAACcBaobrjLl8XobRIiIML1V4Imu%252Fn%252BzU5L90Z278x5ickkY3FSd4Ad8xn3oRtkVexxrPDoCBvVYlhs27D6zbmCvI2XxUhCgsZ9AHKbm4kFREAdm3rQPnHuWOQHPEgb0l1tOd%252BNMPLtusxJkelTuFlrYHnze6oiZc6nl%252B1W%252FXEXUenw4dJRoOTmevLFMBL%252FIeE57uyRPwj1KRrRVQ7jpppzin658pYKf6n5%252BqjYuFeUdDKvdS0NjDZLDZ2lr9SZakg%252F8pWAECI%252FiEVTLExoos8WOCHNol0jJdOE5N51i%252BMqB%252FvVmitoNY2XdoNCT0O5f2MW8ya7PDmQh%252B2ZcRm5b7xIZDXpcVgMCTqA0A5MrYmqYsC36FNag1s8BXcRPdrY4etMwyr%252FUzYC1AxV4ATwvtms%252FVDJ9%252B0QSogF9%252FvB4WT0gJ%252FDYCwn7mWVphomkTuW4f99sgrVrcFQbQ7RxDMTvmHkUkflsrgwJVHNYVYwnnexHW5gdxyOUXsflwPLFNSbxxyQL1ecreXH%252BbXd4XeGcAbff5%252BCoqLe%252FKyeCwn2RdBI9d9eXG9GpBco4j%252BdxQqnMljKv6Os9vGWhNCG9idl%252Flwk1aiBQdNHcddflqGKIx6u81KAhsdu3wNZwLJik1XArVCwjtKSbJjrF0xSfFkD41UA3pI6r3Z5D6IFVxHOu5pCMEHmn6JnoZvfodIohnXTITt1UKJMDD7slBB603nuwVvPcHe3AZV%252B8y9EGAhKxHEgCRQ%252FryF6YDcUTAXKkth135ZQ%252BFeUricjl1HgjGYqDYE4B695hSulYpiU4wc07%252FBIXdKbCjEB2p3bdkdb%252BUHL19u8rA%253D%253D%7Ccksum%3A271982002333a8e14e426ee74ee8858832db45f820e8%7Campid%3APL_CLK%7Cclp%3A2334524,https://i.ebayimg.com/thumbs/images/g/ieIAAOSwHjNV~wqk/s-l225.jpg
PARAGUAS UNISEX 96 CM 8 RIBS O PLIEGUES RESISTENTE IMPERMEABLE PLEGABLE LLUVIAVendedor excelente Plus,6.95,https://www.ebay.es/itm/PARAGUAS-UNISEX-96-CM-8-RIBS-O-PLIEGUES-RESISTENTE-IMPERMEABLE-PLEGABLE-LLUVIA/293301899612?_trkparms=ispr%3D1&hash=item444a27d15c:g:8QEAAOSwEwdfypP7&amdata=enc%3AAQAFAAACcBaobrjLl8XobRIiIML1V4Imu%252Fn%252BzU5L90Z278x5ickkvjzWOStkxwnlDuxSI1PVVoFhELnVoX%252B%252BBUYQVHJHDshwNg9Cm4eSgOuE5k3OaNXaI3vHdXLOiAEaOMOs1%252FWE4BWQ5UnvF06iEN5v430nIPnZUOtXq0yf7IYNZVM%252FOuwH1WPvam5SrwPXtrnkl2AsP7tf99i%252Fm7gYRUNl2FUBarxVkQOWKENssqwI3YsUeqEuLwDEFwwuQRbm5rPKGGMc3mGvFAJrua6leFAGMWrAFxlYajzaXDGzJ3iyK2YrDp9bPWGvYDziW7W5uYSj0GR%252Bq7Z3A0WA0c%252F6QLmHIU6Tx5bER7dAEo4U5I3zFgws4qHIQ%252FqSF93rk8aISkauq8Y7fYSDa9sGOKLlBTDvxaUQSewZMuF7BG1IhJRLlT9PhuYZ%252FeOMg%252BZZMDPEPHo9STDqOubeVRRjg6UesAaRMmWSu0gja%252F5EyrXo7f%252BuePEGgFsTcpHA2O9aX%252BNXnNmYMvkSe3NyJuRigaF50Gi6chnckH31STTc4LXZ6T6K98l8143yUDWavwaqC85tv1uDEKU0OYeA6cioaBPdOwDWOhdriv4ZOKKkrq4r1YQWY8Pqp59RQ9UhcxKHKA%252BhaDtI%252BMUhHA8rOlGmnXhiGjHEBY%252FuDAXmbxp8S4RJZ0ndy%252FeWHAiyCAFZJc2%252FTze7gMuRpKym9ABz86juDqpVf5In7aBH7w2E7Z6lkpgo2XB59zNggtDZK12IGWKfUQLObeFeCtzM3FFxFBhVgwunaAFcGh5aJ9GSyq8VHgJLyfZZByP2awpc2UE6Lu7jG9nBk6ra7N8Tbg%253D%253D%7Ccksum%3A293301899612a8e14e426ee74ee8858832db45f820e8%7Campid%3APL_CLK%7Cclp%3A2334524,https://i.ebayimg.com/thumbs/images/g/8QEAAOSwEwdfypP7/s-l225.jpg
Paraguas a prueba de viento Wonderdry,12.9,https://www.ebay.es/itm/Paraguas-a-prueba-de-viento-Wonderdry/143798715565?hash=item217b1244ad:g:UwoAAOSwWI1eJzUa,https://i.ebayimg.com/thumbs/images/g/UwoAAOSwWI1eJzUa/s-l225.jpg
Paraguas Caballero Anti Viento 96cm Automatico 8 Varillas Negro Radio 70cm,10,https://www.ebay.es/itm/Paraguas-Caballero-Anti-Viento-96cm-Automatico-8-Varillas-Negro-Radio-70cm/174039596771?hash=item2885917ee3:g:yp4AAOSwDABdh3f-,https://i.ebayimg.com/thumbs/images/g/yp4AAOSwDABdh3f-/s-l225.jpg
Paraguas Manual Poe Lol,7.95,https://www.ebay.es/itm/Paraguas-Manual-Poe-Lol/293953506887?hash=item4470fe8e47:g:6n0AAOSw0jRf~sHd,https://i.ebayimg.com/thumbs/images/g/6n0AAOSw0jRf~sHd/s-l225.jpg
"PARAGUAS HARRY POTTER PLEGABLE MANUAL, by cerda",14,https://www.ebay.es/itm/PARAGUAS-HARRY-POTTER-PLEGABLE-MANUAL-by-cerda/174689286390?hash=item28ac4af8f6:g:AX0AAOSwPPZgRW4N,https://i.ebayimg.com/thumbs/images/g/AX0AAOSwPPZgRW4N/s-l225.jpg
Paraguas Caballero 56cm Plegable Manual 100d Radio 49cm,6.92,https://www.ebay.es/itm/Paraguas-Caballero-56cm-Plegable-Manual-100d-Radio-49cm/174039596736?hash=item2885917ec0:g:kIsAAOSwEhldh3f7,https://i.ebayimg.com/thumbs/images/g/kIsAAOSwEhldh3f7/s-l225.jpg
"Paraguas Automatico extra grande de Diámetro 130 cm, cierre de velcro, unisexVendedor excelente Plus",15.5,https://www.ebay.es/itm/Paraguas-Automatico-extra-grande-de-Diametro-130-cm-cierre-de-velcro-unisex/223692401194?hash=item34151b2a2a:g:A38AAOSwyMVdlyBh,https://i.ebayimg.com/thumbs/images/g/A38AAOSwyMVdlyBh/s-l225.jpg
Paraguas Reversible,11.99,https://www.ebay.es/itm/Paraguas-Reversible/164488608320?hash=item264c48fa40:g:-QsAAOSwpE5foXxq,https://i.ebayimg.com/thumbs/images/g/-QsAAOSwpE5foXxq/s-l225.jpg
Paraguas Plegables Negro Con Mango De Madera Para Hombre,22.95,https://www.ebay.es/itm/Paraguas-Plegables-Negro-Con-Mango-De-Madera-Para-Hombre/274517587565?hash=item3fea85f66d:g:abAAAOSwtL1fdwTt,https://i.ebayimg.com/thumbs/images/g/abAAAOSwtL1fdwTt/s-l225.jpg
Paraguas mini automático negro Perletti,17.5,https://www.ebay.es/itm/Paraguas-mini-automatico-negro-Perletti/274519443973?hash=item3feaa24a05:g:AscAAOSw6EVfeMZQ,https://i.ebayimg.com/thumbs/images/g/AscAAOSw6EVfeMZQ/s-l225.jpg
Paraguas Compacto y Resistente al Viento - Paraguas Plegable,19.99,https://www.ebay.es/itm/Paraguas-Compacto-y-Resistente-al-Viento-Paraguas-Plegable/193886099680?hash=item2d248318e0:g:e5kAAOSwJ1ZgIuEB,https://i.ebayimg.com/thumbs/images/g/e5kAAOSwJ1ZgIuEB/s-l225.jpg
Paraguas infantil largo automatico transparente Lol Surprise,19.5,https://www.ebay.es/itm/Paraguas-infantil-largo-automatico-transparente-Lol-Surprise/274519452358?hash=item3feaa26ac6:g:bWcAAOSwTjdfeMds,https://i.ebayimg.com/thumbs/images/g/bWcAAOSwTjdfeMds/s-l225.jpg
Mountain Warehouse Paraguas mini,17.99,https://www.ebay.es/itm/Mountain-Warehouse-Paraguas-mini/393129163615?hash=item5b8852fb5f:g:c58AAOSwVQhgJQ7B,https://i.ebayimg.com/thumbs/images/g/c58AAOSwVQhgJQ7B/s-l225.jpg
Paraguas transparente de copa mango blanco automáticoVendedor excelente Plus,12.9,https://www.ebay.es/itm/Paraguas-transparente-de-copa-mango-blanco-automatico/281834904235?_trkparms=ispr%3D1&hash=item419eab5aab:g:Ge4AAOSwhcJWJ7fx&amdata=enc%3AAQAFAAACcBaobrjLl8XobRIiIML1V4Imu%252Fn%252BzU5L90Z278x5ickk7PdDazAlGltMLJlUhrWsD4TdkpKoONllzYece3Jw%252F6BsZNmaaJucX5TQDrKBIM3OmD9DakJciLIhhxzDAhkdY%252FrLpmRVcywh0PagNrr4TZtAiEiYUmw2eTyEd%252BUdW4IAY%252Bl3IP3msPdymM%252BiTEDITgfGVndC2Y4BCPc96RgO6WAsUXGAiYttgnss3T5jNssRFfgINOkP4V9%252Fqe4oyKpeSatGe3ndkTYkG1BJctXzdKISxJIR9kI8ioDlqh0D3w6JHFIXWjXvFr1rJUoVAcA1FiwodLRdVeIr9qOAJjKFvrsFle%252Bz5lCIqLHsOTB%252Bf0tSeK14W80obDp6hWi2CGPrqO3j56RTCdbxe8lS9L2Lx9zRqvLXnuPwLiIfmdFgxT9UOVwzECwbHRO2C2rVoYsd5pvyiSG5PqegsIznjEvqETrd8Q7WN8w2grTdbZ0AJMya7IMJaICPguts5IJm%252FbfLPqTNBwnnEGuIcEzfIF4tlgHCho8x9THRHVsRFMWKgfTqzfFEGdgZkVSNNpY2Yd87PLqPzcCX5VcQgBmqTNOpTbbD04Y3Uq5CVaGWzMFIgqnnY8XYkttGfJWveJAhJEFpU35Urfxfj%252BrWt%252FxwLssxuVXnJoogeXjMJ31cobZrReau3GEAJq3OXgOS3nYntP6kTsWlAKggE561swoP5OgbThJmkvzslQl2K11uRQyz8SArenyZuSySLWsJBhEgxUvf7Hjz7Ga04%252BXV89fgj6OffRJZnq2uOSIZ%252FVat9mACgxPsiP1gc8Q4xSpCcImCTduq4Q%253D%253D%7Ccksum%3A281834904235a8e14e426ee74ee8858832db45f820e8%7Campid%3APL_CLK%7Cclp%3A2334524,https://i.ebayimg.com/thumbs/images/g/Ge4AAOSwhcJWJ7fx/s-l225.jpg
Paraguas Bolsillo Automático con Mango a Prueba de Viento Gris,41.71,https://www.ebay.es/itm/Paraguas-Bolsillo-Automatico-con-Mango-a-Prueba-de-Viento-Gris/133699033973?_trkparms=ispr%3D1&hash=item1f21155b75:g:xCMAAOSwLEtYfP1S&amdata=enc%3AAQAFAAACcBaobrjLl8XobRIiIML1V4Imu%252Fn%252BzU5L90Z278x5ickkBUIiHwYv5YgVss0WaiENzxWY1qtD18RCIJY%252FKpDhooVJ%252FXpzSg011%252BYSG4ay7bs%252BtrsWG2Hvg6tt0zbChIbG55rqVmIZATDtW2wNXAIyrBoFWmCuTnG07fE1Cq1dTQ1wvlGSpYwlWvucT6lpt1tRBdvqQgukwB0%252FL6Fq07cLsq%252Bbsd%252FMTU%252BheK%252BzsJpBKqo8lm7qT%252FMkYBu7y4zzkHCJgMkGnDbWR6ZyruuLY%252Fgg1jqInUU4OgKMkEtHvYG6PtO6%252BcbjRsm1r5T9Pc9LdJYC74hIsk5QsGlpZR6gkFdqtFCDmCVs%252B8IPi9fUW8sR3uFqStQ9fi9aogo6D%252Bq2%252FEnr6CrHfBwlDo%252F7s7FoqEylWrRmpzOMCx8HTZBYMha4E5Lakc7zZEJVvKYzhQ%252ByOeRDHIHDg2T5lLn4pQjV%252Faiw8bhBbaBGWlSYw3jaKTk34xiuZeYf0A39LYecUyOLVpmBQpwVCkKzCp0M306QCSXDsFaa2XcKS%252FrP4PhORJzuClBu4ExflVHolsOFVyz7FIahxBsM4QS%252FxhIMdzLcbTKPKGBITH%252BxA4FqeI%252Frhxt2k3t0Mj1PnZJE0KR4WbxK3Bkromer5h29QCf0KbtAG9roFlxkZ3pC1bi2%252BR5xXT3GmSEKSLTvAPNJBtTSDinIm3rm2E7yhzsDLZxBw%252BC9llkbfNjLNiXU35Qib51ZgtAY01XT1ef5nknAze8zaL%252BR8BQkdiFJjoDFq%252Fpj6G7zUvGx%252B2%252FQI6jpssHUo%252BY5ttqE2HdJ9DIXNJ49Q14pAKsiXOkUNg%253D%253D%7Ccksum%3A133699033973a8e14e426ee74ee8858832db45f820e8%7Campid%3APL_CLK%7Cclp%3A2334524,https://i.ebayimg.com/thumbs/images/g/xCMAAOSwLEtYfP1S/s-l225.jpg
Fantástico Paraguas Xiaom. Reflectante plegable automático.Máx.Calidad. OFERTA!,21.5,https://www.ebay.es/itm/Fantastico-Paraguas-Xiaom-Reflectante-plegable-automatico-Max-Calidad-OFERTA/294069664273?_trkparms=ispr%3D1&hash=item4477eafa11:g:PwwAAOSwTg5gUj0T&amdata=enc%3AAQAFAAACcBaobrjLl8XobRIiIML1V4Imu%252Fn%252BzU5L90Z278x5ickkvjzWOStkxwnlDuxSI1PVVq50YwJQoPK5nbYXRO5WBolGPa9OtxFFsDeLX2PG9MQ9NS4oFPNQdja4n2zTBb5cPCRBY8DhtpzB4mbYYUuBCoAuVVMNLtk9SgA7McuK0J7SvbEQlBz9rRKmATxWHd%252Fnl1sJ5%252FTK%252Bu8J2lWkTyc492c60JDSkHCgDbqtDi1Q%252BhAHBihS2h1CodlDTRqk7d290Le9peVraRdgHs3ciHM0bVMhbRgi8D4bgxHODfBMPLhw%252FucuFBCp7G8%252FPrzJXScoO%252BOGdsqAXnCHZkjaXxFvbjyVANGyd%252Fhrww2PSrdSg%252F8WOa9AWNr5khslOoqmWTvwPvQROaTHVfHO25%252BrM0FBP2BIPjF2XQDSUBkXUWyYriuCVGJEvtV2S2CjK%252FRfs2aLySCp2bgJa%252FoBk4E%252BFeXHN69VuSepmEIZ%252Bx7u9Dt5VjNHIz8x26ppkajoYQxtsJfAZI9AxnoapDrQbFwwOVgnyK6y1RMOXlMXff6PO9GH0MeYGbbrS0U4ZmmLstqpXM2E7jABcmtDV2B1lFaoeCQotScOyCCwT3b0kMHCiGLJMADI%252BkaO42%252BPnyeWJBfK%252BaBwl9K7ruanANcv1cXLMGD2E5sBl%252FUa%252FX3sLOAaBanemOWgtM29FoBcubgN5AwJT%252BOxKtzkMCIJC%252F60Dy%252B1Ourajoi8rQOOsspbBycbxXzVsEgecagptDUCVbTNHEU4IuadySrKd%252FVVcv8%252BARNzZCekR729Fwfot4pROifggpz7DbXZksVbPZCih9qEnl9TtdFkug%253D%253D%7Ccksum%3A294069664273a8e14e426ee74ee8858832db45f820e8%7Campid%3APL_CLK%7Cclp%3A2334524,https://i.ebayimg.com/thumbs/images/g/PwwAAOSwTg5gUj0T/s-l225.jpg
Paraguas automatico trasparente de copa  Vendedor excelente Plus,12.9,https://www.ebay.es/itm/Paraguas-automatico-trasparente-de-copa/281834904517?_trkparms=ispr%3D1&hash=item419eab5bc5:g:WUoAAOSwwbdWJ7gA&amdata=enc%3AAQAFAAACcBaobrjLl8XobRIiIML1V4Imu%252Fn%252BzU5L90Z278x5ickk7PdDazAlGltMLJlUhrWsD%252B7eenKI0Fr1slZLcO8dzXmcV1Ne8q1roXtZn5envcxH2xrtyicUNSMudTjHa9VBlKVQxBJqB3XshDuhCtKPzjMuZH9I7Y%252FFVnfZNjlxHY%252FC4KdOWKXZZwXxGnikRrfjMZmfRymPC%252BiR2fJZkYjKC1WIrQrZ53RLpxM6FuwdLo3DybvlxnpEDu6y401mZPJLX6HbQxHcmGsW4o0NxNAXZ%252BJktPMo3RabA9j%252FXa0W30eTpEXt2uL9uxxS68pMk%252BhARZ%252BxiwfyTVnITlkdYfalovz3MEXIEaJhBaN6m%252BW6eHae6b6MSMKme7a3EDVUR9MWY1d20dbqUTQ165i3lB6DKoOpyxH5Z%252BK%252BNWcgsKT3egknw%252BoSXovwgd5liHn3CuNYGB%252FJf3ip96EasU0crqhs3lZtCZx%252B1SKGut%252FtpiDaCbASsrgsZSkm4IGgrfPurZh%252FUrvMZTSBflbfs3LJ98DMX%252BRg9NutcneJdGOlVmGM09SKHMNYAaFqBB4ZM1NHKBaltdeN4uKQwnQB919plz2xM2ar8RWv04TcQm%252F70KsUW1fyezgl3CDkuy4sIVkd15GUnNHhS66nwj1k0uTzu5qfdw9B3nX3WFP1sumey6%252B9qSbAZRMbv9OpYNP8G91bgQnnTTShjxEDChv3PGvg21pgx0H22YjjbEZ2Zo9A20eTV8r1i0gQkzKx76S7fSECabOTwm4WrZdMwC6wmM1hVvKFqjdSwEJpFRgKMITusmqb0BvjeKsxWiZp8hkLufDfXSHcGA%253D%253D%7Ccksum%3A281834904517a8e14e426ee74ee8858832db45f820e8%7Campid%3APL_CLK%7Cclp%3A2334524,https://i.ebayimg.com/thumbs/images/g/WUoAAOSwwbdWJ7gA/s-l225.jpg
Mountain Warehouse Paraguas Walking: liso,19.99,https://www.ebay.es/itm/Mountain-Warehouse-Paraguas-Walking-liso/324487060123?hash=item4b8cef9a9b:g:cBUAAOSw32BgKk9m,https://i.ebayimg.com/thumbs/images/g/cBUAAOSw32BgKk9m/s-l225.jpg
Paraguas FC Barcelona 64125Vendedor excelente Plus,19.99,https://www.ebay.es/itm/Paraguas-FC-Barcelona-64125/254903458120?hash=item3b596e1948:g:kkIAAOSw~1pgT0bs,https://i.ebayimg.com/thumbs/images/g/kkIAAOSw~1pgT0bs/s-l225.jpg
Incognito Perro Scottie Patrón Compacto Paraguas Plegable,11.7,https://www.ebay.es/itm/Incognito-Perro-Scottie-Patron-Compacto-Paraguas-Plegable/154320754964?hash=item23ee3bd914:g:AqUAAOxyJs5RakQi,https://i.ebayimg.com/thumbs/images/g/AqUAAOxyJs5RakQi/s-l225.jpg
"Paraguas AVK de hombre, mujer, resistente al viento, plegable. automático",24.99,https://www.ebay.es/itm/Paraguas-AVK-de-hombre-mujer-resistente-al-viento-plegable-automatico/133659416281?hash=item1f1eb8d6d9:g:GBcAAOSwsxxgISBv,https://i.ebayimg.com/thumbs/images/g/GBcAAOSwsxxgISBv/s-l225.jpg
Paraguas FC Barcelona 64123Vendedor excelente Plus,24.99,https://www.ebay.es/itm/Paraguas-FC-Barcelona-64123/254903458126?hash=item3b596e194e:g:8rEAAOSwTfNgT0bs,https://i.ebayimg.com/thumbs/images/g/8rEAAOSwTfNgT0bs/s-l225.jpg
Paraguas plegable,5.99,https://www.ebay.es/itm/Paraguas-plegable/353443895555?hash=item524ae5d903:g:GbUAAOSw7T9gIFTL,https://i.ebayimg.com/thumbs/images/g/GbUAAOSw7T9gIFTL/s-l225.jpg
Paraguas Automatico Mini 95d 42-56cm Negro,9.13,https://www.ebay.es/itm/Paraguas-Automatico-Mini-95d-42-56cm-Negro/174615208491?hash=item28a7e0a22b:g:3DQAAOSwH8VgExJN,https://i.ebayimg.com/thumbs/images/g/3DQAAOSwH8VgExJN/s-l225.jpg
Paraguas Negro Auto Abierto Cierre Compacto Plegable Prueba de Viento 10CostillaVendedor excelente Plus,13.99,https://www.ebay.es/itm/Paraguas-Negro-Auto-Abierto-Cierre-Compacto-Plegable-Prueba-de-Viento-10Costilla/303934966390?hash=item46c3ef8a76:g:7lIAAOSwZaRgXbqx,https://i.ebayimg.com/thumbs/images/g/7lIAAOSwZaRgXbqx/s-l225.jpg
Nuevo Londres Union Jack Ligero Paraguas En Rojo y Azul ✔ ✔ Shine Umbrella,7.13,https://www.ebay.es/itm/Nuevo-Londres-Union-Jack-Ligero-Paraguas-En-Rojo-y-Azul-Shine-Umbrella/313385976599?hash=item48f7428317:g:oecAAOSwR0JUPq7X,https://i.ebayimg.com/thumbs/images/g/oecAAOSwR0JUPq7X/s-l225.jpg
Paraguas FC BarcelonaVendedor excelente Plus,10.99,https://www.ebay.es/itm/Paraguas-FC-Barcelona/254791611802?hash=item3b52c3759a:g:GWYAAOSwluVfwVr5,https://i.ebayimg.com/thumbs/images/g/GWYAAOSwluVfwVr5/s-l225.jpg
"Paraguas de lluvia para mujer, con bolsillo, para viajes",NA,https://www.ebay.es/itm/Paraguas-de-lluvia-para-mujer-con-bolsillo-para-viajes/224390816998?hash=item343ebc24e6:g:oFAAAOSw~kRgUxQp,https://i.ebayimg.com/thumbs/images/g/oFAAAOSw~kRgUxQp/s-l225.jpg
"Paraguas para hombre y mujer, sombrilla de doble capa resistente a la lluvia",17.12,https://www.ebay.es/itm/Paraguas-para-hombre-y-mujer-sombrilla-de-doble-capa-resistente-a-la-lluvia/224390822306?hash=item343ebc39a2:g:~sgAAOSwKflgUxcO,https://i.ebayimg.com/thumbs/images/g/~sgAAOSwKflgUxcO/s-l225.jpg
Batman - Paraguas,19.94,https://www.ebay.es/itm/Batman-Paraguas/373494617478?hash=item56f6039586:g:SRQAAOSwnhFeYRMp,https://i.ebayimg.com/thumbs/images/g/SRQAAOSwnhFeYRMp/s-l225.jpg
PARAGUAS PLEGABLE JBM,10,https://www.ebay.es/itm/PARAGUAS-PLEGABLE-JBM/174109541519?hash=item2889bcc48f:g:-6MAAOSwsthd369t,https://i.ebayimg.com/thumbs/images/g/-6MAAOSwsthd369t/s-l225.jpg
Baldinini Paraguas Lluvia Clásico Grande Art. BALD30 Diámetro CM 100,59,https://www.ebay.es/itm/Baldinini-Paraguas-Lluvia-Clasico-Grande-Art-BALD30-Diametro-CM-100/313451271798?hash=item48fb26d676:g:-JgAAOSw4Q1f~ylW,https://i.ebayimg.com/thumbs/images/g/-JgAAOSw4Q1f~ylW/s-l225.jpg
Paraguas transparente con mango blanco 98 cm de diámetroVendedor excelente Plus,12.9,https://www.ebay.es/itm/Paraguas-transparente-con-mango-blanco-98-cm-de-diametro/281795065614?hash=item419c4b770e:g:vwcAAOSwEetV~wpi,https://i.ebayimg.com/thumbs/images/g/vwcAAOSwEetV~wpi/s-l225.jpg
Paraguas FC Barcelona 64124Vendedor excelente Plus,11.99,https://www.ebay.es/itm/Paraguas-FC-Barcelona-64124/254903458125?hash=item3b596e194d:g:j6IAAOSwryBgT0bq,https://i.ebayimg.com/thumbs/images/g/j6IAAOSwryBgT0bq/s-l225.jpg
"OLYCAT Paraguas plegable automático para mujer, sombrilla resistente lluvia",22.1,https://www.ebay.es/itm/OLYCAT-Paraguas-plegable-automatico-para-mujer-sombrilla-resistente-lluvia/224390825950?hash=item343ebc47de:g:lHMAAOSwwhdgUxiY,https://i.ebayimg.com/thumbs/images/g/lHMAAOSwwhdgUxiY/s-l225.jpg
Paraguas AVK compacto y resistente al viento plegable totalmente automático,14.99,https://www.ebay.es/itm/Paraguas-AVK-compacto-y-resistente-al-viento-plegable-totalmente-automatico/133714904098?hash=item1f22078422:g:VLgAAOSwEbhgIBN6,https://i.ebayimg.com/thumbs/images/g/VLgAAOSwEbhgIBN6/s-l225.jpg
Paraguas Manual Plegable Avengers,14.75,https://www.ebay.es/itm/Paraguas-Manual-Plegable-Avengers/294101647500?hash=item4479d3008c:g:3mkAAOSw52JgaOV~,https://i.ebayimg.com/thumbs/images/g/3mkAAOSw52JgaOV~/s-l225.jpg
"Paraguas Plegable Automatico, Paraguas Con Luz Led,Antiviento,Ligero, Viajes",17.9,https://www.ebay.es/itm/Paraguas-Plegable-Automatico-Paraguas-Con-Luz-Led-Antiviento-Ligero-Viajes/362458636411?_trkparms=ispr%3D1&hash=item546437e07b:g:DMkAAOSwR1FeHZiS&amdata=enc%3AAQAFAAACcBaobrjLl8XobRIiIML1V4Imu%252Fn%252BzU5L90Z278x5ickkBSh1VzQSTzkTiSV5EE%252FHQbXQzFAVeUEHYyd2mQr1xKOaTj7d5%252FBA2fbTmyracmX3fi401I0O4bR%252F2fOUGLx1upZR0TbUnSYbs%252B80spBRN5q6NvtTat8vZAxmlmHPDwcG%252FYcGX7AN3yq20g2GOflI%252FwvKLIGO1fhOLj6eoSXfIm3KB%252Fzk3dPMuBKf0CdOK8SLgcUTH7yyB4vuzPU5xR%252B90caYqLApSJDDvaT3x%252BlKOqs0wi1rro8yCwmG2aizLbOxKYWU0hcbfM69J6cH3GuHhNRNWINt0OAdTupBTxvQ8RDuVMebEpCkdmz1vT4GFAD%252FDM6pXzFtwNC5uVRibeRFkrELzErzHAHehbuTvZcNo5j6sqHxNhCRpCSFrnekn%252FtrnWmduv8bu1oGDU3RYJzQpxvCAU7DLbmajLZarfNh13x81K%252BPPwqWvUdoeHRGDtXOS7ziV53hlB5qYB%252F4mx%252FBqqdfsAD2Xk0JHZhKHoY1sUv5f3ln2kdCfBl8E0w7%252BosIV8slfyD1EOKMjKLeED1JLMnnXminksm3tHkTdCqvaGGQecfl%252Fx3w9jGQ3bZkMXYV9iLPVp7TM1B74zcvabvwwHV5nxWx7V3GJ8%252Fc39n4DozN7QQmrW7oEDjm6wduQ%252F6xUvptScnCa2kq%252BOkFSOyTPlo4u2iaepSEhVpc8D9a8EojixpzxDwzmm3JjcH0vv2Ri63JLyi67l2MKYSEUd8enkNcIn4AtZczP6o6TuzkEXp1wsC1W%252FCh10mFsOboBTuvEvOIEwn7lIsYYKuGo0u5sA%253D%253D%7Ccksum%3A362458636411a8e14e426ee74ee8858832db45f820e8%7Campid%3APL_CLK%7Cclp%3A2334524,https://i.ebayimg.com/thumbs/images/g/DMkAAOSwR1FeHZiS/s-l225.jpg
"Mountain Warehouse Miniparaguas estampado - Paraguas pequeño, compacto",12.99,https://www.ebay.es/itm/Mountain-Warehouse-Miniparaguas-estampado-Paraguas-pequeno-compacto/393129170159?_trkparms=ispr%3D1&hash=item5b885314ef:g:fH0AAOSw8EZgJQ~d&amdata=enc%3AAQAFAAACcBaobrjLl8XobRIiIML1V4Imu%252Fn%252BzU5L90Z278x5ickkyMJZWL%252BqFSgQ3TOOe%252FNr7mYXrmsBz%252FG8CsJdIUFjHkdgeGNSYj9WPUsv0iA2FnfVcBDoC011NipA9E2ZRrChPqZ3jvY0peUGWlDunUTSK6kwY%252FvHp4iB%252BNFco3qOM0r7QoCidbK2nor6YAL2HgiMti6NIuuFo5RHUJrR3NG0UKOhJCravKQrq0kyDj1%252Fzj6p%252Fw8CuZ2Uw%252FSrsBZKNO0oI7Dw9b3CCEbvglZ8a9XHwAeLAA4YVsCcs1UFPlUi8CH84xqAvui866UrWYyTlPoC0r32UJckPTDEBLjsPHmS%252BTKVkxokep%252F%252BYZ43YqeD37xemO9z3vQ25iXLeH4oVQapkLgOgtLFxssB8T0N955plMhOV6OUawpUv0ImgwsLHRdIZ%252FYd9F7D4aDeycoWLBL%252F6v5Df1tSGpjvOlWe0QlDZN79SKAAieXEhEaLZwFGJkeabFMeC5ygFhtel%252BLdYLy6I94qVk04Hg4Potex2WxMJwYll5DX%252BAT3F6xTGMSrvSPLB2aAisjwKAItZKSOU2yYWtefCbaTbkB0dgh0iHm1X7zi95PNC7MpsY2%252F%252F4YS255Esp1f4qLOfmwS17sM0M0qYSs3dFwtgBNnoIClHySpwY5PXd5eHJMK4NsWJQMkT2RkPEmzfJ5FpWz8XCbFm6SL7rRdOBiZ5jCojXTBpVrfstFvadBwh9cad0l7EZAeoQGlOrzp1kaSmH4XbKZb5xcNpGehR1ltFuF8x4Po%252F5hNouorVbS8cMeuHXTgNTqZJNApg18iFPER3tMCC4ckfDRwXQ%253D%253D%7Ccksum%3A393129170159a8e14e426ee74ee8858832db45f820e8%7Campid%3APL_CLK%7Cclp%3A2334524,https://i.ebayimg.com/thumbs/images/g/fH0AAOSw8EZgJQ~d/s-l225.jpg
Paraguas Manual Poe Mickey,10.75,https://www.ebay.es/itm/Paraguas-Manual-Poe-Mickey/294101648552?hash=item4479d304a8:g:wi0AAOSwYrpgaOWl,https://i.ebayimg.com/thumbs/images/g/wi0AAOSwYrpgaOWl/s-l225.jpg
BREE Paraguas Havanna Umbrella Black Negro,28.57,https://www.ebay.es/itm/BREE-Paraguas-Havanna-Umbrella-Black-Negro/143973891575?hash=item2185833df7:g:s8AAAOSwBDRgSLg5,https://i.ebayimg.com/thumbs/images/g/s8AAAOSwBDRgSLg5/s-l225.jpg
Paraguas AVK para mujer hombre unisex clásico totalmente automático  plegable ,24.99,https://www.ebay.es/itm/Paraguas-AVK-para-mujer-hombre-unisex-clasico-totalmente-automatico-plegable/133714790135?hash=item1f2205c6f7:g:H~0AAOSw3RlgIQcK,https://i.ebayimg.com/thumbs/images/g/H~0AAOSw3RlgIQcK/s-l225.jpg
Paraguas Manual Poe Spiderman,10.75,https://www.ebay.es/itm/Paraguas-Manual-Poe-Spiderman/294101648514?hash=item4479d30482:g:GvMAAOSwDFJgaOWi,https://i.ebayimg.com/thumbs/images/g/GvMAAOSwDFJgaOWi/s-l225.jpg
Paraguas FC BarcelonaVendedor excelente Plus,10.99,https://www.ebay.es/itm/Paraguas-FC-Barcelona/254791611803?hash=item3b52c3759b:g:KzkAAOSwPzVfwVr4,https://i.ebayimg.com/thumbs/images/g/KzkAAOSwPzVfwVr4/s-l225.jpg
Grande Brillante Paraguas Arcoiris Colorido Paraguas para Lluvia 74cm,22.76,https://www.ebay.es/itm/Grande-Brillante-Paraguas-Arcoiris-Colorido-Paraguas-para-Lluvia-74cm/194003485488?hash=item2d2b824330:g:MzMAAOSw8vtfPlmB,https://i.ebayimg.com/thumbs/images/g/MzMAAOSw8vtfPlmB/s-l225.jpg
ELEGANTE PARAGUAS  DE HOMBRE PLEGABLE TAMAÑO GRANDE MARCA EZPELETA.COLOR NEGRO.,24.95,https://www.ebay.es/itm/ELEGANTE-PARAGUAS-DE-HOMBRE-PLEGABLE-TAMANO-GRANDE-MARCA-EZPELETA-COLOR-NEGRO/402729066455?hash=item5dc485dfd7:g:k0IAAOSw8ydf-xye,https://i.ebayimg.com/thumbs/images/g/k0IAAOSw8ydf-xye/s-l225.jpg
Mountain Warehouse Paraguas mini con estampado de lunares,17.99,https://www.ebay.es/itm/Mountain-Warehouse-Paraguas-mini-con-estampado-de-lunares/324538571539?hash=item4b90019b13:g:QZ0AAOSwcIxgXGgv,https://i.ebayimg.com/thumbs/images/g/QZ0AAOSwcIxgXGgv/s-l225.jpg
Drizzles Negro Paraguas Automático UU95,5.94,https://www.ebay.es/itm/Drizzles-Negro-Paraguas-Automatico-UU95/203310195005?hash=item2f563b613d:g:VjEAAOSw8A1aXNDj,https://i.ebayimg.com/thumbs/images/g/VjEAAOSw8A1aXNDj/s-l225.jpg
bugatti Paraguas Doorman Uni Black Negro,74.95,https://www.ebay.es/itm/bugatti-Paraguas-Doorman-Uni-Black-Negro/143975353844?hash=item2185998df4:g:~c8AAOSwvypgSpRJ,https://i.ebayimg.com/thumbs/images/g/~c8AAOSwvypgSpRJ/s-l225.jpg
Paraguas Plegable Automático Paraguas Impermeable de (compact|negro 1),21.99,https://www.ebay.es/itm/Paraguas-Plegable-Automatico-Paraguas-Impermeable-de-compact-negro-1/114683474178?hash=item1ab3aaf102:g:4TkAAOSwCUNgKFk8,https://i.ebayimg.com/thumbs/images/g/4TkAAOSwCUNgKFk8/s-l225.jpg
Paraguas para Mujer o hombre unisex automatico resistente al viento muy ligero,19.99,https://www.ebay.es/itm/Paraguas-para-Mujer-o-hombre-unisex-automatico-resistente-al-viento-muy-ligero/133714774962?hash=item1f22058bb2:g:Bb0AAOSwt5ZgIPwy,https://i.ebayimg.com/thumbs/images/g/Bb0AAOSwt5ZgIPwy/s-l225.jpg
Newdora Paraguas Plegable Automatico Negro Impermeable 10 Armazon,19,https://www.ebay.es/itm/Newdora-Paraguas-Plegable-Automatico-Negro-Impermeable-10-Armazon/363228084493?hash=item549214b90d:g:~oEAAOSwlc1f3s0d,https://i.ebayimg.com/thumbs/images/g/~oEAAOSwlc1f3s0d/s-l225.jpg
Mountain Warehouse Paraguas Classic: liso,19.99,https://www.ebay.es/itm/Mountain-Warehouse-Paraguas-Classic-liso/393143538748?hash=item5b892e543c:g:nTwAAOSw7FBgMObR,https://i.ebayimg.com/thumbs/images/g/nTwAAOSw7FBgMObR/s-l225.jpg
"Paraguas Automatico inversa con Led a prueba de viento , 3 Colores",25.88,https://www.ebay.es/itm/Paraguas-Automatico-inversa-con-Led-a-prueba-de-viento-3-Colores/224390825538?hash=item343ebc4642:g:9egAAOSw-5dgUxhN,https://i.ebayimg.com/thumbs/images/g/9egAAOSw-5dgUxhN/s-l225.jpg
"Paraguas automático resistente al viento con protección UV para viajes,",NA,https://www.ebay.es/itm/Paraguas-automatico-resistente-al-viento-con-proteccion-UV-para-viajes/224394086081?hash=item343eee06c1:g:qmUAAOSw1LpgVoLI,https://i.ebayimg.com/thumbs/images/g/qmUAAOSw1LpgVoLI/s-l225.jpg
paraguas Reforzadas Apertura Automático 10Varillas con colgador cristal plegableVendedor excelente Plus,14.99,https://www.ebay.es/itm/paraguas-Reforzadas-Apertura-Automatico-10Varillas-con-colgador-cristal-plegable/384062532881?_trkparms=ispr%3D1&hash=item596be92d11:g:yd4AAOSwXDZgXbop&amdata=enc%3AAQAFAAACcBaobrjLl8XobRIiIML1V4Imu%252Fn%252BzU5L90Z278x5ickkxFtV7J5P58ubuVigtBH%252Fe8w0Szyrs%252FMx%252F6%252FBM4IkLjgVUIWKOWgy9Dzu1EcJgdM%252Fw3MReAa%252FdFDSURqgGpQHepOqHlobYfAoeJJp7XxNqrbEtP73IPn4fEseDhLWOw0MFfvFY8kkxrGbbibZDhtiZfsD%252FTH0ODGstdXRqSyP6%252BFiMSsIRgDq6oRhk9145KF2oGVcwxXkvrqFr1ZiPxFW3GmCk%252BRPHnmnc0sN66ftdhJ%252BUddOQl5BVxCAf13H0gs2coZsjuQYYjxzmMaHSLbYZZRyWAdhkgeDp6uiWFgc7coeT5Vvc1%252BLONgzc38MVQFoxtAeQXNMMxNV8HhUVdAugGTs86gWNAei0VWR%252Bj71M8Zhr3LvdZEKD8FqZGbIPvb9%252BTWzFKzRkZft3T92RvX2DsVfy38l3OQ2mW6dXXv4V9FVCsDQI3c9W9dYAxqS6NgMCu2gC9tvi3Gxkqh8u1MeRWvLbT5OX6fMEVNunoC2yPClvDC2v8Adv%252BG%252BWIdWuiWnfErDXERl%252BX7G4nhC%252BAJLw5XH30QniIgnU19INBxH%252FVJGcFFXqTJQto4oXiDv%252Fy2QJoQ3%252BTsqtEOJ2t%252B6b%252B119%252FH0ofcahLz52WDSf3uqI9DDsdpnv4dhK%252BjRFedoxJpAIUSl1K2wGNTeZReQ3Yeqlpef6ppwM6INBTuku1wBS0UsYo7ISH%252Fwz%252B44Jzg7e8qvYtkSNOS476KYhpxk11QZHb4s%252BMSHLRsQYyOASAiHISPHQOqLtw57%252FpVKXxnQpp9f%252FTQOOZwgfVhHsYf2Bqg7Hg%253D%253D%7Ccksum%3A384062532881a8e14e426ee74ee8858832db45f820e8%7Campid%3APL_CLK%7Cclp%3A2334524,https://i.ebayimg.com/thumbs/images/g/yd4AAOSwXDZgXbop/s-l225.jpg
Paraguas plegable de apertura y cierre automático Paraguas ligero impermeable a,NA,https://www.ebay.es/itm/Paraguas-plegable-de-apertura-y-cierre-automatico-Paraguas-ligero-impermeable-a/313461506146?_trkparms=ispr%3D1&hash=item48fbc30062:g:DRkAAOSwHxdgVPo6&amdata=enc%3AAQAFAAACcBaobrjLl8XobRIiIML1V4Imu%252Fn%252BzU5L90Z278x5ickkRjLZq23gAR%252BKma9gM2Z1hsoj4riEelZBgioL7K%252FdrHScE4470XcsdeAepoprHnWkFBJ%252Fjjw5TEN%252BSRdy8eXfafvP8J%252BhPiTVOSEneL9KgNNLf0s%252F8lbQjUOdr6lUNnYEMLlb7zL8RVAdjVto9iLKIHrZXZHgUzsRHGSXBOBZH0gdTAfw0rF0ezzhi%252FzgsC2OJxKvfaIqR1qok0fiyJHBdeef9krZ81TYtXDXOGY%252BcrqAF%252FnWFpZYt9B1iMLc5b22VaTYXfAkqzcS0wwh5wy6oGMeahuOhSBSpFieps6IN2R%252FSSuRJxZkcHg56mtYcl6YY0PzWfuoGi6lAy9Vq9A749Di1huFlCqkEsndkj%252Bb2SiDek4iAtTsFJxT4RU4rGlNo1sAlMdR9zjDr3Kh1wVBfsFisTWdUTGNzIKxm2xSJBslZGU%252FRSwbcmFcdI2WIHDkLLLMfMjaFPxQomVltquRR9eLLCcV75QV1MQ5VEQ4AfqVijz94ROfnMQJViPfY29SRZ3G0Pxsv8t34n9pkLXbA2dnQKjcgx8gal2%252FiVGYJU9SbWU2%252F%252Bg3UpCe%252FOeb%252BaAkeIlJjXOjIArgarY0x88Q1IMowItFfQ6hCie44u0eMViDg7uJgQCoUizc6etr2fQVjfGOhks90jVF%252FpZ%252FxYN1XD6lM299PFn5jTUyd6hqp9m%252Fc8xGdTwdX9WSe1EVZjmSKrn0Ea%252FgUodbJJdIhZmfdheeC1ohHOaJZkL0ylBRXDm6nPg1w0FkXZfgarN2oDddglLlSuuHD%252BElHTqRxVbyjA%253D%253D%7Ccksum%3A313461506146a8e14e426ee74ee8858832db45f820e8%7Campid%3APL_CLK%7Cclp%3A2334524,https://i.ebayimg.com/thumbs/images/g/DRkAAOSwHxdgVPo6/s-l225.jpg
